,x,y,z
0,10.0,10.0,10.0
1,10.0,11.7,10.733333333333334
2,10.17,13.309666666666667,11.617111111111113
3,10.483966666666667,14.8427098,12.660914581481483
4,10.91984098,16.302427304249008,13.879394940504044
5,11.4580996124249,17.681350649117313,15.289476879594696
6,12.080424716094143,18.96092154302248,16.907704266336836
7,12.768474398786976,20.111308762983956,18.74739200505036
8,13.502757835206674,21.091612558409377,20.81536886224496
9,14.261643307526944,21.8508197767092,23.108241726553818
10,15.02056095444517,22.329956695367443,25.608307923503872
11,15.751500528537397,22.465902694606505,28.27950446873931
12,16.42294074514431,22.19721751978968,31.06410113125457
13,17.000368422608847,21.47202983143455,33.88116098143363
14,17.447534563491416,20.25749049874977,36.627987534418416
15,17.728530157017254,18.54954448656089,39.18567385663261
16,17.810631589971617,16.380993478756576,41.42928414207835
17,17.667667778850113,13.825343220252954,43.24206163090154
18,17.283435322990396,10.994172976455157,44.5315556968509
19,16.654509088336873,8.027010509941247,45.244218320618195
20,15.791759230497311,5.074800497421825,45.3745650269683
21,14.720063357189762,2.2803030160425832,44.965976902230075
22,13.476087323075044,-0.23990256329228954,44.10254623353465
23,12.10448833443831,-2.4074967293290284,42.89414885505416
24,10.653289828061576,-4.186282272709645,41.45888972483243
25,9.169332617984454,-5.578233980008147,39.907342548637715
26,7.694575958185194,-6.614275484455444,38.33165991950433
27,6.26369081392113,-7.343110149858526,36.800541870415834
28,4.9030107175431645,-7.82091778107246,35.35924437129195
29,3.630617867681602,-8.10353314351637,34.03287075104128
30,2.457202766561805,-8.241528295502649,32.831119208791506
31,1.3873296603553593,-8.277823407401947,31.753111635273
32,0.4208143535796286,-8.247113204230317,30.791521292302996
33,-0.445978402201366,-8.176389194469255,29.93570902172222
34,-1.219019481428155,-8.085992458358218,29.173888377696887
35,-1.9057167791211613,-7.99082260576029,28.4944878442925
36,-2.5142273617850743,-7.90149084188329,27.886917282299148
37,-3.052953709794896,-7.825319090094342,27.341927599506743
38,-3.530190247824841,-7.767156544957394,26.851712899650888
39,-3.953886877538096,-7.730021698741375,26.409862625210238
40,-4.331500359658424,-7.715593714750602,26.01123593544868
41,-4.669909695167642,-7.724581100211894,25.651803946674256
42,-4.975376835672067,-7.756993924365577,25.32848680313949
43,-5.253538544541419,-7.812341833880442,25.039000167246478
44,-5.5094188734753216,-7.889775683059151,24.781717885594148
45,-5.747454554433705,-7.988186568441316,24.555552865868965
46,-5.971527755834466,-8.106272736442579,24.359855515523666
47,-6.185002253895277,-8.242582247321135,24.194327694863347
48,-6.390760253237863,-8.395537342696494,24.05894952077631
49,-6.591237962183726,-8.563445056855798,23.953916197098398
50,-6.788458671650933,-8.744497617885857,23.879582139967333
51,-6.984062566274426,-8.93676550523464,23.83640988973522
52,-7.179332860170447,-9.1381855884864,23.824921586962432
53,-7.3752181330020425,-9.346546509046624,23.845651105421
54,-7.5723509706065,-9.559473336937318,23.89909526888778
55,-7.771063207239582,-9.77441350277797,23.98566293373188
56,-7.97139823679342,-9.988626038521533,24.105621106936866
57,-8.173121016966231,-10.199176228552007,24.25903770399981
58,-8.375726538124809,-10.402937841917662,24.445721047786357
59,-8.578447668504094,-10.596605148938028,24.665156778748848
60,-8.780263416547488,-10.776716878010335,24.916443491988538
61,-8.979908762693773,-10.939694093231731,25.198229128413683
62,-9.175887295747568,-11.081893620307595,25.508650900145994
63,-9.36648792820357,-11.199678069650744,25.8452822783095
64,-9.549806942348287,-11.28950266424324,26.205091245279412
65,-9.723776514537782,-11.348017958467933,26.584414521258456
66,-9.886200658930797,-11.372186147208332,26.978952705802598
67,-10.03479920775855,-11.359407070063188,27.383791108801343
68,-10.167259993989013,-11.307648324294696,27.793450369906076
69,-10.281298827019581,-11.215572278960021,28.20196969771223
70,-10.374726172213625,-11.0826514480086,28.603023673600152
71,-10.445518699793123,-10.909262878638874,28.99007111598924
72,-10.491893117677698,-10.696752186290578,29.35653164689401
73,-10.512379024538985,-10.44745881392808,29.695982609425297
74,-10.505887003477895,-10.164696105695745,30.002366208793347
75,-10.47176791369968,-9.852682813347133,30.270194597003503
76,-10.409859403664425,-9.516426475826105,30.494739485236764
77,-10.320516110880593,-9.161563338166996,30.672193048683713
78,-10.204620833609233,-8.794163590682093,30.79978852104287
79,-10.063575109316519,-8.420514152059932,30.875871877064817
80,-9.89926901359086,-8.046893484143203,30.8999200599596
81,-9.714031460646094,-7.679353661387284,30.872505824926463
82,-9.510563680720214,-7.323524005231164,30.795213833569864
83,-9.29185971317131,-6.98444817352489,30.670516545531676
84,-9.061118559206667,-6.666463040761809,30.501621230340586
85,-8.821653007362181,-6.373123544770746,30.29230078402729
86,-8.576800061103038,-6.107173488271108,30.046720941303406
87,-8.329837403819845,-5.8705585904440785,29.76927510900902
88,-8.083909522482267,-5.66447526473293,29.464435758048747
89,-7.841966096707334,-5.489446850390063,29.136628526491844
90,-7.606714172075607,-5.345418358193168,28.79013232668975
91,-7.380584590687364,-5.231861066938777,28.4290061604541
92,-7.165712238312505,-5.147879293697814,28.057041261221315
93,-6.963928943851036,-5.092313088124612,27.677735710817473
94,-6.776767358278393,-5.063832213353444,27.29428782358443
95,-6.605473843785898,-5.061018363634636,26.909604276801367
96,-6.451028295770771,-5.082433984287936,26.526319073659085
97,-6.314168864622488,-5.126677217992685,26.146819819468462
98,-6.1954196999595075,-5.1924233717772355,25.77327834763749
99,-6.095120067141281,-5.2784538899731945,25.40768334551421
100,-6.013453449424472,-5.383674163684872,25.05187322524972
101,-5.950475520850512,-5.50712165327765,24.707568012278276
102,-5.906140134093226,-5.647965796214907,24.3763994578326
103,-5.880322700305394,-5.805501064172926,24.059938913607173
104,-5.872840536692147,-5.979134360000254,23.75972273952068
105,-5.883469919022957,-6.1683677382218205,23.477275159570844
106,-5.911959700942844,-6.372777216346431,23.214128549021954
107,-5.958041452483203,-6.591988235703717,22.9718411419093
108,-6.021436130805254,-6.825648142408429,22.752012103084432
109,-6.101857331965571,-7.073395900349506,22.556293823744134
110,-6.199011188803965,-7.334829125792542,22.386401181475385
111,-6.312592982502823,-7.609468453389525,22.24411736149024
112,-6.442280529591493,-7.896719212375295,22.1312956701116
113,-6.587724397869873,-8.195830416635236,22.049856589870657
114,-6.748534999746409,-8.50585116160622,22.001779134105494
115,-6.92426661593239,-8.82558468448714,21.989085366530013
116,-7.114398422787865,-9.153540592919827,22.013816770724663
117,-7.318312639801061,-9.487886112239385,22.078001004410606
118,-7.535269987044893,-9.826397652140102,22.1836074795616
119,-7.764382753554414,-10.16641455554002,22.332490206529357
120,-8.004585933752974,-10.504797562944862,22.526316472760435
121,-8.254607096672164,-10.837895288994986,22.7664802482462
122,-8.512935915904446,-11.161522828939045,23.053999781948246
123,-8.777794607207905,-11.470957429612895,23.389399740096252
124,-9.047110889448405,-11.76095687629051,23.77257949634536
125,-9.318495488132616,-12.02580672825652,24.202670853367696
126,-9.589226612145007,-12.259402606172431,24.677890554662024
127,-9.856244211547748,-12.455373183127639,25.195395370405457
128,-10.116157108705737,-12.607248132757576,25.751150158916666
129,-10.36526621111092,-12.70867283449287,26.339821849539682
130,-10.599606873449115,-12.75366799102185,26.954714371412948
131,-10.815012985206389,-12.73692747844652,27.587760657168502
132,-11.007204434530403,-12.654141942119411,28.22958740035432
133,-11.171898185289303,-12.502329368185293,28.869665676016275
134,-11.304941303578902,-12.280147910626495,29.496555432459026
135,-11.402461964283662,-11.988161718305216,30.098244134215783
136,-11.461031939685817,-11.629028611800397,30.662569870783262
137,-11.477831606897276,-11.207580342375472,31.177708024369355
138,-11.450806480445095,-10.73077256295574,31.632689675958417
139,-11.37880308869616,-10.207492572497078,32.017911284640284
140,-11.26167203707625,-9.648227433414387,32.32559079716761
141,-11.100327576710065,-9.064611309837275,32.55012677351882
142,-10.896755950022786,-8.468886219722725,32.6883249418391
143,-10.65396897699278,-7.873322030469244,32.73947013977168
144,-10.375904282340427,-7.28964713179944,32.705238889296034
145,-10.067278567286328,-6.728539577072632,32.58946599449736
146,-9.733404668264958,-6.199219854884979,32.39779439071144
147,-9.37998618692696,-5.709172531809927,32.13724836171052
148,-9.012904821415257,-5.264007481644519,31.815774666936505
149,-8.638015087438182,-4.867455267897412,31.44179399326433
150,-8.260959105484105,-4.521478030801725,31.02379767385923
151,-7.8870109980158665,-4.2264685612236175,30.570013853644298
152,-7.520956754336641,-3.9815066003239243,30.088155524465172
153,-7.167011738935369,-3.784642260362368,29.585252100060856
154,-6.828774791078069,-3.6331806336556633,29.067557799136114
155,-6.509215375335828,-3.523947709451512,28.540524647717895
156,-6.210688608747397,-3.4535243188802642,28.00882533656783
157,-5.934972179760684,-3.41844096151856,27.476410969065707
158,-5.683319057936472,-3.4153314152256034,26.94659019660496
159,-5.456520293665385,-3.441046741187869,26.422118639242033
160,-5.254972938417633,-3.4927336904357125,25.905290222609672
161,-5.078749013619441,-3.5678827854716055,25.398024693583473
162,-4.927662390804658,-3.6643517528261405,24.90194784686215
163,-4.801331327006806,-3.7803697860955667,24.418462787469963
164,-4.699235172915682,-3.9145275564082223,23.948811858620605
165,-4.620764411264935,-4.0657571389048295,23.494129731508266
166,-4.565263684028925,-4.233305217300015,23.05548866425769
167,-4.532067837356034,-4.416702145490352,22.633937178930317
168,-4.520531268169465,-4.615728731281468,22.23053345823309
169,-4.530051014480666,-4.830381982995802,21.846374693231667
170,-4.56008411133218,-5.060840528802442,21.48262346943615
171,-4.610159753079206,-5.3074299751603515,21.140532095104966
172,-4.67988677528732,-5.570588104035604,20.821465573206538
173,-4.768956908162148,-5.850829506294203,20.526923707240854
174,-4.877144167975354,-6.1487089993470265,20.258562612972973
175,-5.004300651112521,-6.464782971392409,20.018215678994455
176,-5.150348883140509,-6.799567626424962,19.80791377055167
177,-5.315270757468955,-7.153492971785012,19.629904191976255
178,-5.499092978900561,-7.5268512969231836,19.486667600257107
179,-5.701868810702823,-7.91973884821868,19.380931682118305
180,-5.923655814454409,-8.331989427926958,19.31567995653751
181,-6.164489175801664,-8.763098762848085,19.294153533903632
182,-6.424350134506305,-9.212138738284025,19.319843047700115
183,-6.703128994884077,-9.677661025741621,19.396467280518635
184,-7.000582197969831,-10.157590311788098,19.52793425528122
185,-7.3162830093516575,-10.6491083349953,19.7182798009168
186,-7.649565541916022,-11.148531339452916,19.971577909986397
187,-7.999462121669712,-11.651185435815641,20.291816710825927
188,-8.364634453084305,-12.15128678394384,20.682733764200805
189,-8.743299686170259,-12.641836488687966,21.147604917978295
190,-9.133153366422029,-13.114543561502636,21.688982436873818
191,-9.53129238593009,-13.559793038909755,22.308380948668777
192,-9.934142451228057,-13.966679961796336,23.005914311503094
193,-10.337396202284886,-14.323132748610048,23.779893146308318
194,-10.735969856917402,-14.616150586749836,24.6264016432098
195,-11.123987929900645,-14.832177583560794,25.53888312062599
196,-11.49480689526666,-14.957630152327498,26.507775881546028
197,-11.841089220972744,-14.979582131665103,27.52025256015636
198,-12.15493851204198,-14.88659363273567,28.560124843691547
199,-12.428104024111349,-14.669644866066934,29.607977817123015
200,-12.652258108306908,-14.32310726160958,30.641590465922242
201,-12.819343023637176,-13.845655345080576,31.636677886699477
202,-12.921974255781516,-13.241000578669006,32.567955195610594
203,-12.953876888070265,-12.518320578489881,33.4104750763778
204,-12.910321257112226,-11.692271092251277,34.1411369105326
205,-12.788516240626132,-10.78250787733991,34.7402163531805
206,-12.58791540429751,-9.812709135586685,35.19273335480276
207,-12.310394777426428,-8.809166854271556,35.48947599019878
208,-11.960271985110941,-7.7990911245748045,35.627533180156504
209,-11.544153899057328,-6.808826499227757,35.61025813955146
210,-11.07062115907437,-5.862198322490121,35.44667266562074
211,-10.549778875415946,-4.979183419498003,35.15040982908068
212,-9.992719329824151,-4.175039159649004,34.73835840753028
213,-9.410951312806636,-3.4599435249504054,34.22920212846344
214,-8.815850534021013,-2.839116910214892,33.64203700562144
215,-8.2181771716404,-2.3133321916230027,32.99520832209553
216,-7.627692673638661,-1.8796837997044364,32.30544983824915
217,-7.0528917862452385,-1.5324804798280738,31.58734767937347
218,-6.500850655603522,-1.2641439252072026,30.853102597811116
219,-5.97717998256389,-1.0660265470202857,30.112533303852423
220,-5.48606463900953,-0.9290963637872202,29.373250741127006
221,-5.030367811487299,-0.8444679768354433,28.640934881773006
222,-4.611777828022113,-0.8037819150817853,27.919656463544108
223,-4.23097823672808,-0.7994493613314894,27.212200927328325
224,-3.887825349188421,-0.8247864750320589,26.5203667644245
225,-3.581521461772785,-0.8740641662894594,25.84522324169282
226,-3.310775732224452,-0.9424973166786283,25.187322084286336
227,-3.07394789066987,-1.0261938013709266,24.546864134476163
228,-2.8691724817399753,-1.1220794604574522,23.92382575360156
229,-2.694463179611723,-1.2278111356383137,23.31805146194155
230,-2.5477979752143822,-1.341686403728285,22.72931967525472
231,-2.4271868180657723,-1.4625558262848852,22.157387942942513
232,-2.3307237188876835,-1.5897413777016571,21.602023226686487
233,-2.256625484769081,-1.7229631261091836,21.063021753333913
234,-2.203259248903091,-1.862275113835246,20.540221998241964
235,-2.1691608353963066,-2.008010611468266,20.03351349364111
236,-2.1530458130035024,-2.160736410606652,19.542843446898583
237,-2.1538148727638173,-2.3212155015662868,19.068222599799896
238,-2.170554935644064,-2.4903772965982913,18.609731348506866
239,-2.202537171739487,-2.66929446331753,18.16752685320749
240,-2.2492129008972914,-2.859165394643763,17.741851673233043
241,-2.3102081502719387,-3.061301336256147,17.333044345527814
242,-2.3853174688703596,-3.2771172018090957,16.941552262621645
243,-2.474497442164233,-3.50812511545659,16.56794718470851
244,-2.577860209493469,-3.755929718803276,16.212943726032844
245,-2.69566716042445,-4.022224255172446,15.877421177722871
246,-2.8283228698992495,-4.308786388929415,15.562449058015572
247,-2.976369221802266,-4.617472622787636,15.269316807321687
248,-3.140479561900803,-4.950210032831791,14.999568059762906
249,-3.3214526089939014,-5.308983840545443,14.755039912521474
250,-3.5202057321490554,-5.695819074525745,14.537907563803762
251,-3.7377670663867244,-6.112754233386672,14.350734578323289
252,-3.9752657830867193,-6.561804438787948,14.196528837486023
253,-4.233919648656842,-7.044911060401729,14.078803901761265
254,-4.5150187898313305,-7.563874206729091,14.001645004664379
255,-4.819904331521107,-8.120263822968496,13.96977814621302
256,-5.149940280665846,-8.715304455591511,13.988639676714874
257,-5.506476698158413,-9.349728100193689,14.064442260076982
258,-5.8908018383619405,-10.023589058899024,14.204231065653264
259,-6.304080560415649,-10.736034578310697,14.415921339120647
260,-6.747275962205154,-11.485025494699656,14.708305038888216
261,-7.2210509154546045,-12.267002578833388,15.091009935641534
262,-7.725646081792483,-13.076497298263355,15.574389506042115
263,-8.26073120343957,-13.905691015545974,16.16931635370664
264,-8.825227184650211,-14.743935080940092,16.886846341049562
265,-9.4170979742792,-15.577256787912336,17.737716205471877
266,-10.033113855642513,-16.387893539362505,18.73163597341539
267,-10.668591824014513,-17.153920119311525,19.876341698136702
268,-11.317124653544214,-17.849060863521874,21.176387638866572
269,-11.970318274541981,-18.442806971670777,22.631684435908543
270,-12.61756714425486,-18.90098336095759,24.23583554421939
271,-13.245908765925133,-19.18691950497631,25.974390862866805
272,-13.84000983983025,-19.263360648185454,27.82322229247768
273,-14.382344920665771,-19.095193093819315,29.747320707202466
274,-14.853629737981125,-18.652935471901046,31.70039535569731
275,-15.233560311373116,-17.916763092205308,33.6256894498061
276,-15.501880589456336,-16.880602666016486,35.458365309308206
277,-15.639752797112351,-15.555609755181926,37.12961976912645
278,-15.631338492919308,-13.972203694422431,38.572355487077026
279,-15.46542501306962,-12.17988098461847,39.72780179515032
280,-15.136870610224504,-10.24432778246188,40.55206410763694
281,-14.647616327448242,-8.241894801751828,41.02134637275182
282,-14.007044174878601,-6.252158996385524,41.13468493148428
283,-13.231555657029293,-4.349856285837542,40.9135026724854
284,-12.343385719910119,-2.5977004295972965,40.398029590013834
285,-11.368817190878836,-1.0413868113373252,39.64139298481975
286,-10.336074152924684,0.29251574369199895,38.702682534722086
287,-9.273215163263016,1.395827789396073,37.64037635628585
288,-8.206310867997107,2.2758423535688337,36.50719487256558
289,-7.1580955458405136,2.9512107874221867,35.34690697756443
290,-6.147164912514244,3.4475973006660503,34.19307230357321
291,-5.187688691196215,3.7938196953112797,33.06932755055326
292,-4.289537852545465,4.018862430417912,31.990667260573804
293,-3.4586978242491266,4.149854988825186,30.965192175097332
294,-2.6978425429416952,4.2109134761818305,29.995922772886747
295,-2.0069669410293427,4.2226511951112125,29.082427683736203
296,-1.3840051274152871,4.202148648933235,28.22214906531571
297,-0.8253897497804349,4.163201716898378,27.41140047081111
298,-0.3265306031125536,4.116711459548213,26.646067151355517
299,0.11779360315352311,4.071123339856313,25.922063037895438
300,0.513126576823802,4.032859783276671,25.2356035464224
301,0.865099897469089,4.006716038335986,24.583347793871834
302,1.1792615115557787,3.996206332684716,23.96245394904144
303,1.4609559936686725,4.003857495948163,23.370580900270706
304,1.7152461438966216,4.031452696798219,22.805860005661827
305,1.9468667991867812,4.080230455791715,22.266853075769028
306,2.1602031648472746,4.151044885250249,21.75250697915597
307,2.359287336887572,4.2444929783576315,21.262111129363884
308,2.547807901034578,4.36101420747253,20.795261284600986
309,2.7291285316783735,4.500966967637638,20.35183124822152
310,2.9063123752743,4.664685653516957,19.931952921984163
311,3.082149703098566,4.852521447653118,19.536004513813726
312,3.259186877554021,5.0648692449243535,19.164606368836996
313,3.4397551142910543,5.302182542282218,18.818623752797187
314,3.6259978570901708,5.564977575884859,18.499175881223128
315,3.8198958289696394,5.853827479078766,18.207650492039644
316,4.023288993980552,6.169346754700685,17.94572325729366
317,4.2378947700525655,6.512165896767329,17.715381286081534
318,4.465321882724042,6.8828955563966545,17.51894985640894
319,4.7070792500913035,7.282079226433739,17.35912130168286
320,4.964579247725547,7.7101330274052735,17.238984640547322
321,5.23913462569352,8.167270832511168,17.162054047716655
322,5.5319482463752845,8.653412703286083,17.13229358727114
323,5.844094692066364,9.16807447057339,17.15413473723496
324,6.176492669917067,9.710236361997579,17.232482097741496
325,6.529867039125119,10.278188952342607,17.372701278932126
326,6.904699230446868,10.869355539155556,17.58058131744529
327,7.301164861317736,11.480091505355393,17.862262123913357
328,7.719057525721502,12.105463545843175,18.224115540978463
329,8.157698127733669,12.739015055424684,18.67256682141125
330,8.615829820502771,13.37252874664578,19.21384209884171
331,9.091499713117072,13.99580387170378,19.853627295714745
332,9.581930128975742,14.596473284026283,20.596625703340063
333,10.083384444480796,15.159894703478525,21.446006222621005
334,10.591035470380568,15.669160145484213,22.402743187681335
335,11.098847937890932,16.105275998390333,23.46486301159547
336,11.599490743940873,16.447571196524496,24.626633424325245
337,12.084298789199234,16.67438882826384,25.877757698220517
338,12.543307793105695,16.764103040759014,27.20266712688156
339,12.965387317871027,16.696473926762284,28.580035713320513
340,13.338495978760152,16.45430531068068,29.982663940664047
341,13.650076911952205,16.025304707576073,31.377883087777732
342,13.887599691514591,15.403968021022825,32.728605956729155
343,14.039236524465414,14.593238474552939,33.99508454658495
344,14.094636719474167,13.605641990470673,35.13732822469779
345,14.045737246573818,12.463605085818317,36.11799861728159
346,13.887524030498268,11.198736279496266,36.90545720929207
347,13.618645255398068,9.850001406735128,37.47653887563812
348,13.241780870531773,8.460925180704733,37.81860125485608
349,12.763695301549069,7.076158266178361,37.930482393441814
350,12.194941598011997,5.737900168843687,37.82218214310041
351,11.549237455095167,4.482711791153792,37.513324193827124
352,10.84258488870103,3.339168272224142,37.03068791117963
353,10.092243227053341,2.3266165866985866,36.40525505470732
354,9.315680563017866,1.4550716368563426,35.66925605813904
355,8.529619670401713,0.7260775245516506,34.853625722241276
356,7.7492654558167064,0.13422854156613118,33.98612735433803
357,6.9877617643916485,-0.3309946430604412,33.09023235089245
358,6.255886123646439,-0.6833780065641936,32.18469703775869
359,5.561959710625376,-0.9383341078003411,31.28368710020042
360,4.9119303287828044,-1.1115881202584876,30.397265679168164
361,4.309578483878675,-1.2182242590124646,29.532071493713556
362,3.756798209589561,-1.2720678398730578,28.692049256662735
363,3.2539116046432994,-1.2853460555581107,27.879138921318614
364,2.7999858386231584,-1.2685598823378188,27.093871192288486
365,2.3931312665270608,-1.2305028052188334,26.335848463434214
366,2.0307678593524714,-1.1783724464226986,25.604111623708786
367,1.7098538287749543,-1.1179337908667877,24.8974053048378
368,1.4270750668107801,-1.0537046187715202,24.214359462982486
369,1.17899709825255,-0.9891436403609464,23.553606054743966
370,0.9621830243912003,-0.9268293483658913,22.913847918466722
371,0.7732817871154911,-0.8686229629589994,22.293894179319224
372,0.609091312108042,-0.8158124562645481,21.692673431366114
373,0.466600935270783,-0.7692369535460714,21.109233097068813
374,0.3430171463890976,-0.7293922011942041,20.542730947660615
375,0.2357762116307674,-0.6965185676803702,19.99242284874181
376,0.14254673369965365,-0.6706734199529191,19.45764934768318
377,0.06122471833439638,-0.6517898439173412,18.937822675357694
378,-0.010076737890777385,-0.6397236529361919,18.43241501418542
379,-0.07304142939531885,-0.6342905168683279,17.94094841041621
380,-0.12916633814261977,-0.6352948867642892,17.462986414331816
381,-0.1797791930047867,-0.6425522124948443,16.99812736375794
382,-0.22605649495379246,-0.6559057682107463,16.545999142573322
383,-0.26904142227948785,-0.675239223398915,16.106255216361184
384,-0.3096612023914306,-0.7004859312931201,15.67857175046864
385,-0.34874367528159955,-0.7316357548494851,15.262645636946901
386,-0.3870328832383881,-0.7687401150403428,14.858193286716121
387,-0.42520360641858357,-0.811915827321978,14.464950076102209
388,-0.46387482850892303,-0.8613481894557273,14.082670369451673
389,-0.5036221646036034,-0.9172936965178976,13.711128070369664
390,-0.5449893177950329,-0.9800826856621596,13.350117682863315
391,-0.5884986545817456,-1.0501221525034765,12.999455890596044
392,-0.6346610043739187,-1.1278989312422254,12.65898368825243
393,-0.6839847970607493,-1.213983390135107,12.328569124584376
394,-0.7369846563681851,-1.309033760903483,12.008110743089492
395,-0.7941895668217149,-1.4138011933812709,11.697541834571645
396,-0.8561507294776705,-1.529135603332765,11.396835647223169
397,-0.9234492168631799,-1.6559923600221127,11.10601173558652
398,-0.9967035311790732,-1.7954398387465753,10.825143671117484
399,-1.0765771619358233,-1.9486678398640143,10.554368385494001
400,-1.1637862297286423,-2.1169968471826017,10.293897474806792
401,-1.2591072914740382,-2.30188806172061,10.044030859936578
402,-1.3633853684986954,-2.5049540978007707,9.805173277431631
403,-1.477542241428903,-2.727970162181951,9.577854167690479
404,-1.6025850335042078,-2.972885447010139,9.362751634698547
405,-1.739615074854801,-3.2418343454993663,9.160721275010262
406,-1.8898370019192574,-3.5371469347382076,8.97283081331945
407,-2.0545679952011526,-3.861357949098494,8.8004016365492
408,-2.2352469905908867,-4.217213172790133,8.645058484176888
409,-2.4334436088108116,-4.607671788825295,8.508788721797098
410,-2.65086642681226,-5.035902706066283,8.39401278387599
411,-2.8893700547376624,-5.505272211762955,8.303667497094672
412,-3.1509602704401916,-6.019319422865833,8.241304050557286
413,-3.437796185682756,-6.581714887961191,8.211202306107817
414,-3.7521880559105996,-7.196196271394681,8.218502854649119
415,-4.096588877459007,-7.8664732818488865,8.269357595500297
416,-4.473577317897996,-8.596091851224344,8.37109846246613
417,-4.8858287712306305,-9.388245019647746,8.53242198541575
418,-5.336070396072342,-10.245515097149594,8.763584308754906
419,-5.827014866180067,-11.169528629144043,9.07659662521223
420,-6.361266242476465,-12.160502870688706,9.485404142242366
421,-6.94118990529769,-13.216660578212302,10.006021995811071
422,-7.568736972589151,-14.333490157218428,10.656588252461775
423,-8.245212291052079,-15.502832472890539,11.45727673472128
424,-8.970974309235924,-16.711786800105127,12.429990803644696
425,-9.745055558322845,-17.94145045705478,13.597734482665881
426,-10.564695048196038,-19.165544728805617,14.983532544803747
427,-11.424780016256996,-20.34903937420673,16.60875303186624
428,-12.31720595205197,-21.44697388768249,18.490685934941112
429,-13.230182745615021,-22.403785946826414,20.639268920904676
430,-14.14754306573616,-23.153586260535743,23.05295023904877
431,-15.048147385216119,-23.62193639334436,25.713868486812466
432,-15.905526286028943,-23.729737468935248,28.582829130876597
433,-16.687947404319573,-23.399738053631687,31.594959984780374
434,-17.359126469250786,-22.565815641628888,34.65736369765817
435,-17.879795386488595,-21.184497301418126,37.65039580843562
436,-18.21026557798155,-19.247181303869386,40.43413002469376
437,-18.31395715057033,-16.790421391022416,42.860849389078815
438,-18.16160357461554,-13.900907587785506,44.79288398432209
439,-17.735533975932537,-10.71204149392997,46.12303480744075
440,-17.03318472773228,-7.390704083246936,46.79292497124761
441,-16.068936663283747,-4.1157634163177335,46.80398591786051
442,-14.873619338587146,-1.0530051948407562,46.21723904329626
443,-13.491557924212506,1.667087646408012,45.14139931977119
444,-11.975693367150454,3.9630585881914295,43.71271257578143
445,-10.381818171616265,5.805134280046787,42.072436495944935
446,-8.76312292644996,7.2080577065714895,40.34782637048045
447,-7.166004863147815,8.21803233309558,38.640233376497996
448,-5.627601143523475,8.898331650974749,37.02092255648002
449,-4.1750078640736525,9.317009875409838,35.53293534122912
450,-2.8258060901253037,9.53834041954764,34.19640450380146
451,-1.5893914391580093,9.618055391189383,33.014965379227625
452,-0.4686467561232699,9.601582267691672,31.981697753447182
453,0.5383761462582244,9.524226542374919,31.08385497618788
454,1.4369611858698939,9.412381537374177,30.306228340642612
455,2.234503221020322,9.285118115887869,29.63331452091686
456,2.939564710507077,9.15577046914971,29.05056906373413
457,3.56118528637134,9.03333060700118,28.545027019720706
458,4.108399818434324,8.923587878898125,28.105519939640626
459,4.589918624480704,8.830016819100537,27.722656076131354
460,5.013928443942688,8.754446511325044,27.38867583395919
461,5.387980250680924,8.69755340245761,27.097252828794687
462,5.718937565858592,8.659217707731157,26.843281879643673
463,6.012965580045849,8.638777517769997,26.622676283916757
464,6.275546773818264,8.635207743566191,26.432184968359227
465,6.511512870793057,8.6472446317681,26.269233203500185
466,6.725086046890561,8.673471288167917,26.131786765240054
467,6.919924571018297,8.712375522863242,26.018237525548624
468,7.099169666202791,8.76238823604339,25.92730767272666
469,7.265491523186851,8.821908298654458,25.857969609142064
470,7.421133200733612,8.889318252139784,25.80937875252033
471,7.567951705874229,8.962993990317425,25.78081680058154
472,7.707455934318549,9.041310763211115,25.771643409153665
473,7.840841417207805,9.122647257877968,25.781254627868865
474,7.969022001274822,9.205389091379628,25.809046809000495
475,8.092658710285303,9.287932742294215,25.854385042755478
476,8.212186113486194,9.368690710597907,25.91657547302338
477,8.327836573197365,9.446098503181267,25.994841111293947
478,8.439662766195754,9.518623873433834,26.088300994214286
479,8.547558876919561,9.584778583892527,26.19595272260232
480,8.651280847616858,9.643132801256634,26.316658576013516
481,8.750466042980836,9.69233206745741,26.449135515131864
482,8.844652645428493,9.731116616903872,26.59194946106415
483,8.933299042576031,9.758342629975793,26.743514272055826
484,9.015803401316008,9.773004831180577,26.902095820202586
485,9.091523544302465,9.774259665254137,27.06582150031087
486,9.159797156397632,9.761448126846645,27.23269537905042
487,9.219962253442533,9.734117192428826,27.400619016888538
488,9.271377747341162,9.692038720901728,27.56741777395264
489,9.313443844697218,9.635224665937418,27.730872154547278
490,9.345621926821238,9.563937490034727,27.888753468998512
491,9.367453483142587,9.478694795328483,28.038862815628047
492,9.378577614361177,9.380267391199002,28.179072132972752
493,9.37874659204496,9.269670298310471,28.307365867145023
494,9.367838962671511,9.148146529537392,28.421881664551087
495,9.345869719358099,9.017143869293834,28.520948455119342
496,9.312997134351672,8.878285266680434,28.60312034808078
497,9.269525947584548,8.733333833280176,28.667204924597474
498,9.21590673615411,8.58415376133825,28.712284772373295
499,9.152731438672525,8.432668723407117,28.737731449843004
500,9.080725167145985,8.28081945783029,28.743211465880247
501,9.000734596214416,8.130522272624685,28.728684283343224
502,8.913713363855443,7.983630111510387,28.694392766832454
503,8.820705038620938,7.841897629540494,28.64084686388741
504,8.722824297712894,7.706951441632328,28.568801606849455
505,8.621237012104837,7.58026636244796,28.479230730297107
506,8.51713994713915,7.4631480817297255,28.373297306744682
507,8.411740760598207,7.356722346878082,28.252322811814643
508,8.306238919226194,7.261930382599602,28.1177559491293
509,8.201808065563535,7.1795299882973245,27.971142411545785
510,8.099580257836914,7.110101532431717,27.814096550220953
511,8.000632385296395,7.054057916224341,27.648275688914726
512,7.90597493838919,7.011657506201747,27.47535757933334
513,7.816543195170445,6.983019029433794,27.29702126242378
514,7.73319077859678,6.968137475814965,27.114931394188478
515,7.656685448318599,6.966900144865686,26.93072592172979
516,7.587706917973307,6.979102096170587,26.74600686007448
517,7.526846435793035,7.004460399437921,26.56233382303605
518,7.474607832157524,7.042626720842955,26.38121989901005
519,7.431409721026067,7.093197917848529,26.20412943016886
520,7.397588540708313,7.155724438773522,26.03247724496297
521,7.373402130514833,7.229716432248234,25.86762890285133
522,7.359033560688173,7.314647563833395,25.710901530887533
523,7.354594961002696,7.409956612774247,25.563564859132423
524,7.3601311261798505,7.51504698274485,25.426842091877806
525,7.375622711836351,7.629284309038861,25.301910281551773
526,7.400988871556602,7.751992384008062,25.189899900291763
527,7.436089222801748,7.882447655826989,25.091893329948334
528,7.480725066104272,8.01987258594801,25.008922015110986
529,7.534639818088646,8.163428180650849,24.941962046847998
530,7.597518654344866,8.312206044114793,24.89192796915244
531,7.668987393321859,8.465220336007764,24.85966462809758
532,7.74861068759045,8.62140005642691,24.84593691840033
533,7.835889624474095,8.779582124896818,24.851417326768544
534,7.930258874516368,8.938505766657583,24.876671229518355
535,8.031083563730489,9.096808765992451,24.922139976874053
536,8.137656083956685,9.253026188764427,24.988121891120358
537,8.249193094437459,9.405592209045386,25.07475142262391
538,8.364833005898252,9.552845690594971,25.18197684768679
539,8.483634274367924,9.693040164447572,25.309537054411226
540,8.60457486337589,9.824358799394235,25.456938143912918
541,8.726553256977724,9.944934872629261,25.623430767815773
542,8.848391418542878,10.052878103638472,25.80798931870576
543,8.968840087052437,10.146307007619269,26.009294273645864
544,9.086586779109119,10.223387150743575,26.225719143270076
545,9.200266816272565,10.282374848988024,26.45532357799948
546,9.308477619544112,10.321665452770244,26.69585420374236
547,9.409796402866725,10.33984491781341,26.944754676944566
548,9.502801254361394,10.335742905085565,27.19918624069778
549,9.58609541943381,10.308485215998779,27.456059714044546
550,9.658334399090307,10.257542998675222,27.712079350773895
551,9.7182552590488,10.182775907794758,27.963798372029117
552,9.764707323923396,10.084466315330952,28.20768523728476
553,9.796683223064152,9.963341796601789,28.440198918495543
554,9.813349080417915,9.820583485039409,28.657870648246554
555,9.814072520880064,9.657818506978973,28.8573889034141
556,9.798447119489955,9.477095553142146,29.035683844866284
557,9.766311962855175,9.280843663746401,29.190007138574686
558,9.717765132944297,9.071815417575486,29.318003093199046
559,9.653170161407417,8.853016818357707,29.41776739295462
560,9.573154827102446,8.627627151239272,29.487890373703248
561,9.478602059516128,8.398912830594714,29.52748273549776
562,9.370633136623987,8.170139692263122,29.5361827204222
563,9.2505837921879,7.944488248301517,29.514144998522617
564,9.119974237799262,7.724976113994945,29.462012674165
565,8.98047442541883,7.5143911736177875,29.380874834326416
566,8.833866100238726,7.315238150537882,29.272212816317055
567,8.682003305268642,7.129700192328978,29.137838817680695
568,8.526772993974676,6.959615986646021,28.97983058889629
569,8.37005729324181,6.806471896738849,28.8004657629594
570,8.213698753591514,6.671407734798973,28.60215894001926
571,8.05946965171226,6.5552341360999815,28.38740403557894
572,7.9090461001510315,6.458459084061989,28.158723700427828
573,7.7639873985421275,6.381320962582667,27.91862690806761
574,7.625720754946181,6.323825549560276,27.669575145914585
575,7.495531234407591,6.285784570742165,27.413957086129603
576,7.374556568041048,6.266853754690931,27.154071176327033
577,7.263786286706036,6.2665687167711495,26.892115286801065
578,7.164064529712547,6.284377407473295,26.630182371582205
579,7.076095817488622,6.319668252237791,26.37026102776874
580,7.000453060963539,6.371793460965451,26.114239847903995
581,6.93758710096373,6.440087280645632,25.863914529002987
582,6.8878371189319205,6.523879197940625,25.620996806035784
583,6.851441326832791,6.622502271015662,25.38712439753153
584,6.828547421251079,6.735296887151762,25.163871271064163
585,6.819222367841147,6.861610313463354,24.95275764573699
586,6.823461162403367,7.000792442552952,24.755259240473794
587,6.841194290418326,7.1521881436743655,24.57281534743923
588,6.872293675743929,7.315126623010702,24.406835358432545
589,6.916576970470606,7.488908183202103,24.258703399826835
590,6.973810091743756,7.672788760414659,24.129780741237166
591,7.043707958610846,7.8659626140507255,24.02140563836282
592,7.125933424154834,8.067543555601699,23.934890256007055
593,7.220094437299521,8.27654513402145,23.871514298583737
594,7.325739506971714,8.491860249153898,23.832514958776905
595,7.442351581189932,8.712240744774377,23.819072787691947
596,7.569340497548376,8.936277639820242,23.832293100179285
597,7.706034211775563,9.162382789609287,23.873182566538777
598,7.851669069558936,9.388772924993235,23.942620717145537
599,8.005379455102366,9.613457189929878,24.04132621111781
600,8.166187228585118,9.834229476220276,24.169817905629042
601,8.332991453348633,10.04866702248015,24.328371019662455
602,8.504559010261785,10.254136881385547,24.516969023296856
603,8.679516797374161,10.447811937331108,24.73525230474606
604,8.856346311369856,10.626698142559249,24.982465168678214
605,9.033381494488795,10.787674495861724,25.25740328648242
606,9.208810794626087,10.927546974890461,25.55836432377108
607,9.380684412652524,11.043117114859568,25.8831050672154
608,9.546927682873228,11.131265176702929,26.228808897954252
609,9.705361432256199,11.189046858573693,26.592067830617484
610,9.853729974887948,11.213801295747535,26.968883460250105
611,9.989737106973907,11.203266722343422,27.354690934246882
612,10.111090068510858,11.155698734316193,27.74440940228883
613,10.215550935091391,11.069984742514253,28.1325212316929
614,10.300994315833677,10.945747121165711,28.51318059539281
615,10.36546959636688,10.78342694599268,28.88034990162581
616,10.40726533132946,10.584340275138084,29.22796007911576
617,10.424972825710324,10.350699808790322,29.55008818634373
618,10.417545524018323,10.08559653850154,29.841143477045136
619,10.384350625466645,9.792938613232852,30.096051261757815
620,10.325209424243265,9.477347914790075,30.310422976912417
621,10.240423273297946,9.144018424690131,30.480701050927646
622,10.130782788437164,8.798543952683088,30.604268547112863
623,9.997558904861757,8.446725723420665,30.679516095581352
624,9.842475586717647,8.094372266165461,30.70586204609694
625,9.66766525466243,7.747104732206457,30.6837256723964
626,9.475609202416832,7.41018007052367,30.614457140236993
627,9.269066289227515,7.088342528444893,30.50023132117554
628,9.050993913149252,6.785711004616655,30.34391498704659
629,8.824465622295993,6.5057062917635085,30.1489182107171
630,8.592589689242745,6.251018680089885,29.919040873635527
631,8.358432588327458,6.023613185048626,29.658324170249955
632,8.124950647999576,5.824767145331857,29.37091517316385
633,7.894932297732804,5.655133292633038,29.060950224465255
634,7.670952397222827,5.514820657772532,28.732460496612774
635,7.4553392232777975,5.403485755171179,28.389300817486376
636,7.250153876467135,5.320427201076864,28.035100988616243
637,7.0571812089281085,5.2646780533792565,27.673237454549962
638,6.8779308933732235,5.23509149780078,27.306822326055606
639,6.713646953815979,5.23041686420496,26.938706372784385
640,6.565323944854877,5.249364202837515,26.57149259198571
641,6.433727970653141,5.290656699721528,26.207557221160954
642,6.31942084355998,5.353071025144433,25.84907548851788
643,6.2227858617184255,5.43546628680083,25.498049894957617
644,6.144053904226666,5.536802621336649,25.15633932537226
645,6.083328775937664,5.656150639825706,24.82568774765456
646,6.040610962326468,5.792692984112494,24.507751647200003
647,6.0158191645050705,5.945719191102271,24.204125650686883
648,6.008809167164791,6.114614935757759,23.916366014567885
649,6.019389744024088,6.298846559670284,23.646011796976047
650,6.047335425588708,6.497941613422423,23.394603606194625
651,6.092396044372079,6.711465964899576,23.163699835152
652,6.154303036424829,6.93899786518774,22.9548902598462
653,6.23277251930112,7.180099228465113,22.76980680923167
654,6.3275051902175194,7.4342842800810285,22.610131212555817
655,6.43818309920387,7.700985664551663,22.477599103898648
656,6.56446335573865,7.979518089069226,22.374000018655295
657,6.705968829071708,8.26903961534777,22.301172559079305
658,6.862275907699314,8.56851081100502,22.260993843239337
659,7.032899398029885,8.876652139731737,22.255362193785164
660,7.2172746722000705,9.191900216026701,22.28617188351796
661,7.414737226582734,9.51236388333034,22.355278652809346
662,7.624499892257494,9.835781499564044,22.464454674719736
663,7.845628052988149,10.159481331930262,22.615331699897485
664,8.07701338088236,10.480347565324163,22.809331305316235
665,8.31734679932654,10.7947950946978,23.047581545722014
666,8.565091628863666,11.09875696154697,23.330819915472134
667,8.818458162131996,11.387688944487966,23.65928342114759
668,9.075381240367593,11.656596330485913,24.032587781787058
669,9.333502749379425,11.900088151360803,24.44959933091503
670,9.590161289577564,12.112464013910227,24.9083050702098
671,9.84239156201083,12.287837904119696,25.405688436746903
672,10.086936196221716,12.420301827472393,25.93762053279563
673,10.320272759346784,12.504129710178551,26.498778572636382
674,10.53865845442996,12.534018559102451,27.082604769639023
675,10.738194464897209,12.5053595235164,27.681319382340654
676,10.914910970759127,12.414526472727433,28.28600068964797
677,11.064872520955959,12.259164487349326,28.886741849863547
678,11.184301717595295,12.038455987198464,29.472889656526693
679,11.269717144555612,11.75333900417328,30.033363172100838
680,11.31807933051738,11.406651336114221,30.55704154832254
681,11.326936531077063,11.003176831799644,31.03320095421087
682,11.294560561149321,10.54957631653816,31.451971784905368
683,11.220062136688206,10.054195509572853,31.80478082332396
684,11.10347547397667,9.526754781935379,32.08474031822018
685,10.945803404772542,8.977939094706812,32.28694812374573
686,10.749016973765968,8.418918790069952,32.40867040355267
687,10.516007155396366,7.86084087217398,32.449390202543455
688,10.250490527074128,7.314334271381266,32.41071971906777
689,9.956874901504841,6.789070521688621,32.2961890014991
690,9.64009446352322,6.293413652060259,32.110936553611936
691,9.305426382376924,5.834181348435961,31.86133593322116
692,8.958301878982827,5.4165257623094405,31.554595758728336
693,8.604124267315488,5.043929086041942,31.19836860096947
694,8.248104749188133,4.718298186227309,30.80039803146194
695,7.8951240928920505,4.440135441335853,30.36822426073536
696,7.54962522773643,4.208759842739463,29.908959150101698
697,7.215538689236734,4.022552982728807,29.429132500961284
698,6.896240118585941,3.8792078443742013,28.934604501032826
699,6.594536891164767,3.7759631953801236,28.43053453531902
700,6.312679521586302,3.709811804665505,27.921394233626657
701,6.0523927498942225,3.677675816735486,27.41101225081246
702,5.814921056578349,3.6765469103977235,26.902639308620838
703,5.601083641960287,3.703592099203367,26.39902389417198
704,5.411334487684595,3.7562281889865594,25.90249121489414
705,5.245823857814791,3.8321691233673416,25.415020187257056
706,5.104458384370046,3.9294509198702334,24.938315157742284
707,4.986957637920065,4.046438839305142,24.473870607141514
708,4.892905758058572,4.181821029992191,24.023028248378232
709,4.821797285251934,4.334592299523734,23.587026723723003
710,4.773076786679114,4.504031002162914,23.167044598248896
711,4.746172208227494,4.689671364532821,22.764237600524662
712,4.740522123858027,4.891272950780217,22.37977114347133
713,4.755597206550246,5.10878841362761,22.014849122682115
714,4.790916327257983,5.342330197420881,21.670739878497628
715,4.846057714274273,5.592136452002358,21.34880005142196
716,4.920665588047081,5.858536075682207,21.050496876642377
717,5.014452636810593,6.141912523656701,20.777429261904665
718,5.127198625495204,6.442665787242066,20.53134777608031
719,5.25874534166989,6.761171763537472,20.314173440406893
720,5.408987983856648,7.097738092073527,20.128014953820035
721,5.577862994678337,7.452555436391658,19.975183688910708
722,5.765332238849669,7.825643141434902,19.858205455717467
723,5.9713633291081925,8.216788215702978,19.779827637162143
724,6.195905817767671,8.625476691609935,19.74301984518079
725,6.438862905151898,9.050816638478201,19.750965728121624
726,6.700058278484528,9.491452479858664,19.807042983853336
727,6.979197698621942,9.945470849873091,19.914788018575777
728,7.275825013747057,10.410299069910625,20.077841077418547
729,7.589272419363414,10.882598499729495,20.299867125755153
730,7.918605027400021,11.3581565752116,20.584447382185044
731,8.26256018218118,11.831783331863273,20.93493634291145
732,8.619482497149388,12.297220635120992,21.354279592187627
733,8.987256310946549,12.747075136130654,21.844788916676052
734,9.363238193464959,13.17278898130746,22.407873526864357
735,9.744193272249209,13.564665213253887,23.043729841856965
736,10.126240466349676,13.911967104425617,23.75099757452046
737,10.50481313015727,14.20311163640645,24.526396881793517
738,10.874642980782188,14.425976036493292,25.364369967684475
739,11.229776286353298,14.568331632436948,26.25676015900806
740,11.563631820961662,14.618410250390555,27.19257093907789
741,11.86910966390455,14.56559427170713,28.157854853468695
742,12.13875812468481,14.401202363322064,29.135785081351184
743,12.365002548548535,14.119320135847369,30.10695793444521
744,12.540434307278419,13.7176015321979,31.049960017495255
745,12.658151029770368,13.197947284483671,31.942207892374878
746,12.712130655241697,12.566957182714496,32.76103178201097
747,12.697613307988977,11.836059030220534,33.484932284278955
748,12.611457880212132,11.02124294825554,34.094897763260896
749,12.452436387016473,10.142375054517347,34.57563990186904
750,12.22143025376656,9.222123928152659,34.9165956396156
751,11.92149962120517,8.284595776840453,35.11256186635428
752,11.557809236768698,7.3538257831166405,35.16387493740591
753,11.137410891403492,6.452300526059417,35.07611276135869
754,10.668899854869085,5.599681767427268,34.859368975924546
755,10.161978046124904,4.811865743035646,34.527210243191405
756,9.626966815815978,4.100453413667764,34.095465377122586
757,9.074315475601157,3.472640450405943,33.581002256497776
758,8.514147973081636,2.931476294446856,33.00062721279434
759,7.955880805218158,2.4764007310228897,32.37020071662484
760,7.407932797798631,2.1039487637491985,31.704014854601247
761,6.877534394393688,1.8085183448623676,31.0144335689972
762,6.370632789440556,1.5831144559098123,30.311763478354106
763,5.891880956087482,1.4200093491843764,29.60430419422056
764,5.444693795397171,1.3112855623955388,28.898521342793934
765,5.031352972097008,1.249250970970163,28.199289590641786
766,4.6531427719843235,1.226731498518626,27.510162760748198
767,4.310501644637753,1.2372570096261728,26.833639988516556
768,4.0031771811365955,1.2751604070073022,26.17140823923778
769,3.730375503723666,1.3356105710402064,25.52455094996098
770,3.49089901045532,1.4145980102996203,24.893719547529248
771,3.28326891043975,1.5088891437738927,24.27926921420527
772,3.105830933773164,1.6159618494673127,23.681362923310328
773,2.956844025342579,1.7339317972178645,23.10004895502078
774,2.8345528025301077,1.8614763889638652,22.535317308303114
775,2.7372451611734836,1.9977609414610984,21.987140044566843
776,2.663296739202245,2.1423700502247196,21.455499924747016
777,2.6112040703044928,2.2952458068237735,20.940410931776377
778,2.5796082439564207,2.456633625851762,20.44193352552695
779,2.5673107821459547,2.627035795452458,19.96018682171584
780,2.573283283476605,2.807172428088414,19.495359346364236
781,2.5966721979377856,2.9979492000672945,19.04771959595822
782,2.6367998981507363,3.200431084399807,18.617627320119112
783,2.6931630167756433,3.4158211668230307,18.20554622182311
784,2.765428831780382,3.6454435620038455,17.812058621625233
785,2.8534303048027283,3.8907293946262667,17.437882539025164
786,2.957160213785082,4.15320476114032,17.083891589608626
787,3.076764668520606,4.434479528334658,16.751138066012533
788,3.2125361545020112,4.736235742646902,16.440879550279444
789,3.3649061133165,5.060214308810141,16.154609381200306
790,3.534436932865864,5.40819843880025,15.8940912583257
791,3.7218130834593026,5.781992164037021,15.66139818779398
792,3.9278309915170744,6.183391938959281,15.458955843631863
793,4.153387086261295,6.614149038603357,15.289590206040424
794,4.3994632814955015,7.075920067210531,15.15657901258144
795,4.667108960067004,7.570202456967793,15.063706077430835
796,4.957418309757083,8.098251365158944,15.015316845863703
797,5.271501615297269,8.660973911654452,15.016372592587214
798,5.6104488449329875,9.258796301043851,15.072499369771561
799,5.975283590544074,9.891499147820769,15.190026083370933
800,6.366905146271744,10.558016425735874,15.376003846586249
801,6.786016274218157,11.256194122235362,15.638195968498342
802,7.233034059019877,11.982506214377667,15.985024574330867
803,7.707981274555656,12.731728416955407,16.42545600795882
804,8.21035598879563,13.496574816307595,16.96880309005279
805,8.738977871546826,14.267309604276209,17.624418513031042
806,9.291811044819765,15.031356278423974,18.401251048532988
807,9.865765568180185,15.772940330876668,19.307236243436915
808,10.456483044449834,16.47281862118615,20.348497926531834
809,11.058116602123466,17.108168451932215,21.528348801224958
810,11.663121787104341,17.652729503056158,22.846100715761324
811,12.262082558699523,18.077307758331052,24.29573070403056
812,12.843605078662677,18.350755240016074,25.864498953639828
813,13.394320094798017,18.44152300846112,27.53167751352243
814,13.899040386164327,18.319836391291233,29.267616068604273
815,14.341119986677016,17.960451558061504,31.033427765479622
816,14.703053143815465,17.34581952692428,32.781599599824105
817,14.967329782126347,16.469320201368433,34.45778867376946
818,15.117528824050556,15.33806847191887,36.003931776548775
819,15.139582788837387,13.974691093822578,37.36256385146909
820,15.023093619335906,12.417491077433427,38.481938743063466
821,14.762533365145659,10.718604696167228,39.32124501965061
822,14.358140498247815,8.940116075829744,39.85501608034302
823,13.816338056006009,7.148555050165925,40.075850078407946
824,13.149559755422,5.408629229694958,39.994829274834345
825,12.375466702849296,3.7772756943428156,39.63951142668005
826,11.515647601998648,2.299059076416259,39.049913284463464
827,10.59398874944041,1.0035994114868494,38.2733338049463
828,9.634949815645054,-0.09479241011648809,37.359032778890096
829,8.6619755930689,-0.9955825974911547,36.353658703642594
830,7.696219774012895,-1.7092186495540402,35.297990683275266
831,6.755675931656201,-2.25379586513035,34.22516570803317
832,5.854728751977546,-2.6518099279223577,33.160235477676345
833,5.004074883987555,-2.9274096188243965,32.12070625330711
834,4.21092643370636,-3.104338749300798,31.117664317065227
835,3.4793999154056445,-3.2045779126493206,30.157138514290725
836,2.811002132600148,-3.2475876091642415,29.24144807272781
837,2.205143158423709,-3.2500088648721013,28.37038636717007
838,1.6596279560941278,-3.2256763258587653,27.54217538258031
839,1.1710975278988385,-3.1858213772595994,26.754183146301106
840,0.7354056373829947,-3.1393734331111887,26.003429187007384
841,0.3479277303335763,-3.0932968044669855,25.286917279481585
842,0.003805276853520112,-3.0529242692907435,24.60183704799781
843,-0.3018676777609063,-3.022265717089579,23.945671887830628
844,-0.5739074816937735,-3.0042817660396963,23.31624388082442
845,-0.8169449101283658,-3.001119375171538,22.711719175162234
846,-1.035362356632683,-3.014310522451629,22.130590822473582
847,-1.2332571732145776,-3.0449370704079652,21.57165077033577
848,-1.4144251629339164,-3.0937657776980036,21.03395865463416
849,-1.582359224410325,-3.1613575615702585,20.51681209215258
850,-1.7402590581263184,-3.2481549000943377,20.01972113602061
851,-1.8910486423231203,-3.3545508768875356,19.542388215597594
852,-2.037398865779562,-3.4809429209405622,19.08469405199508
853,-2.181753271295662,-3.627773833996587,18.646689568864886
854,-2.3263553275657545,-3.7955622519623495,18.228593587993583
855,-2.473276020005414,-3.984924263086539,17.830796023640023
856,-2.6244408443135265,-4.196587503828423,17.453866305890585
857,-2.7816555102650162,-4.431398668954257,17.098566827584666
858,-2.9466298261339405,-4.690324998803064,16.76587129077252
859,-3.120999343400853,-4.974449936067406,16.4569879050426
860,-3.3063444026675084,-5.2849627683990335,16.173387444083932
861,-3.504206239240661,-5.623141682982747,15.916836182917717
862,-3.7160997836148697,-5.990329246528787,15.689433699736334
863,-3.9435227299062614,-6.387898881709362,15.493655413244772
864,-4.187960345086571,-6.817210434351362,15.332399513255215
865,-4.45088535401305,-7.279552415066714,15.209037595866814
866,-4.733752060118417,-7.776067963198926,15.12746779225694
867,-5.037983650426468,-8.307661042140381,15.092168428534226
868,-5.364951389597859,-8.874878875914009,15.108249208809195
869,-5.7159441382294744,-9.477766250370353,15.181495500819425
870,-6.0921263494435625,-10.115687144396244,15.31839944522071
871,-6.494482428938831,-10.787109401881171,15.526169235299196
872,-6.923745126233065,-11.48934905509142,15.8127049803868
873,-7.380305519118901,-12.21827280948062,16.186526092814283
874,-7.864102248155072,-12.967960548157514,16.656631259505005
875,-8.374488078155316,-13.730335058813726,17.232268102925723
876,-8.910072776221158,-14.4947741322338,17.922586226105505
877,-9.468542911822421,-15.247731292126398,18.73614551734027
878,-10.046461749852819,-15.972406016184555,19.68025295068556
879,-10.639056176485992,-16.648522161016594,20.760107866281118
880,-11.240002774939052,-17.25229313062977,21.977750615112228
881,-11.841231810508123,-17.75667119729861,23.33083549199931
882,-12.432775749187172,-18.131991078331957,24.811288477181183
883,-13.00269728210165,-18.347116520469193,26.40396390742132
884,-13.537139205938404,-18.37117309689559,28.08547822437449
885,-14.020542595034122,-18.175890059702294,29.823463414281832
886,-14.436077341500939,-17.738471694401024,31.576529464414783
887,-14.766316776790948,-17.044776417832527,33.29522817170104
888,-14.994162740895106,-16.09241848776695,34.92424110020859
889,-15.10398831558229,-14.893262323752058,36.405851421204694
890,-15.082915716399267,-13.474710884030573,37.684505317827764
891,-14.922095233162398,-11.8792580005521,38.71196446168583
892,-14.617811509901369,-10.162015882231309,39.45227960120965
893,-14.172231947134362,-8.386323077717284,39.885683139114875
894,-13.593641060192654,-6.617993263963311,40.010594080481965
895,-12.89607628056972,-4.919136282826213,39.84327115469335
896,-12.098382280795368,-3.3426276377739876,39.41515949127997
897,-11.22280681649323,-1.9281517281787013,38.76849244135392
898,-10.293341307661777,-0.7003431071550883,37.95105871983352
899,-9.334041487611108,0.33095676167476484,37.01111919364878
900,-8.367541662682521,1.1687487980912818,35.9932643737107
901,-7.413912616605141,1.825901036788971,34.93564844779936
902,-6.4899312512657295,2.3218449417358564,33.86866044852482
903,-5.608753631965571,2.6794985207979813,32.81481002941784
904,-4.7799284166892155,2.922754367987217,31.789461958029644
905,-4.009660138221572,3.074660393278831,30.80203740589674
906,-3.3012280850715316,3.156265966268342,29.857366309564505
907,-2.655478679937544,3.1860192048596585,28.95697433612478
908,-2.071328891457824,3.179571262279329,28.100184293104356
909,-1.5462388760841086,3.149850695864309,27.284986667108157
910,-1.0766299188892667,3.107296374783308,26.50868280665388
911,-0.6582372895220092,3.0601674439463706,25.768330516036965
912,-0.2863968161751712,3.014876088784579,25.061031872371444
913,0.04373047432080385,2.976310216750802,24.3841031799783
914,0.33698844856380367,2.94812836341364,23.735161983087256
915,0.5981024400487873,2.9330190912464573,23.112159182238464
916,0.8315941051685544,2.932923195530725,22.513377396130615
917,1.0417270142047714,2.949220393722041,21.937410681970288
918,1.2324763521564983,2.982883820471029,21.383135889334252
919,1.4075170989879513,3.0346062676846044,20.849682269984946
920,1.5702260158576167,3.1049021496896874,20.33640334488997
921,1.7236936292408238,3.194188916621722,19.842853237014253
922,1.8707431579789136,3.3028512465369144,19.36876851488893
923,2.0139539668347135,3.4312909065285826,18.91405588487137
924,2.1556876608041002,3.579964729394315,18.47878568060047
925,2.298115367663122,3.7494127243423807,18.063190920383818
926,2.443245103331048,3.9402779336129607,17.667671659188812
927,2.592948386359239,4.153319260523786,17.292804395947744
928,2.748985473775694,4.389418123558149,16.939356370135236
929,2.9130287387539395,4.649579429013646,16.608304666864854
930,3.0866838077799104,4.934926993609028,16.300860127413483
931,3.2715081263628223,5.246693179769589,16.018496116453278
932,3.469026631703499,5.586202121182601,15.76298221375601
933,3.680744180651409,5.954845505901873,15.536422860673794
934,3.9081543131764556,6.354049441099603,15.341300880481091
935,4.15274382596877,6.785230442320115,15.18052558096196
936,4.415992487603905,7.249738070355162,15.057484803740843
937,4.699367045879031,7.748781188425409,14.976099764198931
938,5.004308460133669,8.283334252310551,14.94088077344643
939,5.332211039351357,8.854019518060808,14.956980882924052
940,5.684391887222302,9.460960628105632,15.030243065547772
941,6.062048761310635,10.10360283279903,15.167234662197163
942,6.466204168459474,10.780495296673218,15.375260401578679
943,6.897633281280848,11.48903178187676,15.662342293790642
944,7.356773131340439,12.225147848132,16.037151112506557
945,7.843610603019595,12.982976022348657,16.5088701416644
946,8.357547144952502,13.754465742100333,17.08696768842978
947,8.897239004667284,14.52898290506271,17.780851175670698
948,9.460413394706826,15.292915171155308,18.59937347833016
949,10.043663572351674,16.029324150086172,19.55016318086782
950,10.642229630125124,16.71770409111165,20.63875688660105
951,11.249777076223776,17.33392744596022,21.867526494552614
952,11.85819211319742,17.850477770121937,23.23442065092277
953,12.457420678889871,18.23708454694116,24.731580047336156
954,13.035387065695,18.461874524527854,26.343941587651134
955,13.578035811578285,18.493129403366254,28.048013282502247
956,14.069545170757083,18.301678848640123,29.811069994706102
957,14.492758538545386,17.86385274917452,31.591071100796924
958,14.8298679596083,17.164768958096793,33.33760758272817
959,15.06335805945715,16.201561111795197,34.994117285913006
960,15.177178364690954,14.985996570801783,36.501439986446805
961,15.158060185302038,13.545857894783575,37.80251968275195
962,14.996839956250192,11.92452748264812,38.84774178351868
963,14.689608708889985,10.178463733680063,39.600104304736654
964,14.238494211368993,8.372669164154345,40.03927801833088
965,13.651911706647528,6.57473056878214,40.163705952117255
966,12.944193592860989,4.848404866255041,39.99025020559423
967,12.134614720200394,3.247879618711962,39.551430445498795
968,11.245941210051551,1.8136792432916358,38.89084331192544
969,10.30271501337556,0.5707646147207537,38.05771945838024
970,9.329519973510079,-0.47116120406819006,37.10165119114197
971,8.349451855752251,-1.315589957824316,36.06831674740388
972,7.382947674394595,-1.9760942806401556,34.996650417325455
973,6.4470434788911195,-2.4728923771052034,33.917512399460406
974,5.555049893291487,-2.829668050596137,32.853616955403304
975,4.716578098902725,-3.070992213592084,31.820331031234073
976,3.9378210676532444,-3.220471188180934,30.82694312423587
977,3.2219918420698264,-3.2995864382158593,29.87807491466369
978,2.5698340140412577,-3.3271019943721245,28.9750138444113
979,1.9801404131999194,-3.318887211843696,28.11684580982711
980,1.4502376506955579,-3.2880120508267763,27.301344627948147
981,0.9764126805433244,-3.2449997670644053,26.525624782482367
982,0.5542714357825514,-3.1981537828111306,25.78659019907362
983,0.17902891392318326,-3.153903946699673,25.081221340874468
984,-0.15426437213910238,-3.117139449499422,24.406742371802526
985,-0.45055187987513434,-3.091511171323907,23.76070454415493
986,-0.7146478090200117,-3.079696284980439,23.14101461800975
987,-0.9511526566160544,-3.0836239547036306,22.545929876887904
988,-1.1643997864248121,-3.1046642480262774,21.974035051336106
989,-1.3584262325849588,-3.143783928538291,21.4242114871737
990,-1.5369620021802919,-3.2016733254104492,20.895605166430123
991,-1.7034331345033076,-3.2788484412331735,20.387597531104152
992,-1.8609746651762942,-3.375732142807762,19.899781254386152
993,-2.012450412939441,-3.4927178400594188,19.43194194087772
994,-2.160477155651439,-3.630218581450522,18.9840460370494
995,-2.3074512982313475,-3.788704021369615,18.556234852547203
996,-2.4555765705451744,-3.968727262652738,18.14882442327318
997,-2.606891639755931,-4.170943149411583,17.762310908796433
998,-2.7632967907214963,-4.396119178940258,17.397381252822846
999,-2.9265790295433725,-4.645139810724038,17.054928906268852
1000,-3.098435107661439,-4.919004568014547,16.736074489695305
